Ahmad Hamaideh,2222,ahmad@gmail.com,False
Nouran Omar,1234,nouran@gmail.com,True
Haya AlKhateeb,5896,haya@gmail.com,False
Qais Darabseh,2368,qais@gmail.com,True
Yazeed Aldamen,8954,yazeed@gmail.com,True
Wesam Abushaqra,4968,wesam@gmail.com,True
Mayyas Obeidat,1256,mayyas@gmail.com,True
Malek Obeidat,9182,malek@gmail.com,True
Momen Alakhras,7859,momen@gmail.com,True
Mohammad Sawalha,4852,mohammad@gmail.com,True
